Datetime,Water Level (m)
2025-05-01 06:00:00,-0.5270059
2025-05-01 07:00:00,-0.60861397
2025-05-01 08:00:00,-0.20163588
2025-05-01 09:00:00,0.16756143
2025-05-01 10:00:00,0.59078485
2025-05-01 11:00:00,0.95173615
2025-05-01 12:00:00,1.1648349
2025-05-01 13:00:00,1.1096908
2025-05-01 14:00:00,0.8249445
2025-05-01 15:00:00,0.5291667
2025-05-01 16:00:00,0.28172734
2025-05-01 17:00:00,0.050372954
2025-05-01 18:00:00,-0.17859446
2025-05-01 19:00:00,-0.3692971
2025-05-01 20:00:00,-0.4754833
2025-05-01 21:00:00,-0.16136408
2025-05-01 22:00:00,0.17110899
2025-05-01 23:00:00,0.50971895
2025-05-02 00:00:00,0.67590576
2025-05-02 01:00:00,0.68235385
2025-05-02 02:00:00,0.51196676
2025-05-02 03:00:00,0.279077
2025-05-02 04:00:00,0.06697013
2025-05-02 05:00:00,-0.13236338
2025-05-02 06:00:00,-0.32028103
2025-05-02 07:00:00,-0.47289884
2025-05-02 08:00:00,-0.5443801
2025-05-02 09:00:00,-0.13929117
2025-05-02 10:00:00,0.24488515
2025-05-02 11:00:00,0.68796456
2025-05-02 12:00:00,0.9911198
2025-05-02 13:00:00,1.1496594
2025-05-02 14:00:00,1.0323443
2025-05-02 15:00:00,0.74650043
2025-05-02 16:00:00,0.47807255
2025-05-02 17:00:00,0.25409088
2025-05-02 18:00:00,0.02979156
2025-05-02 19:00:00,-0.18055594
2025-05-02 20:00:00,-0.34085318
2025-05-02 21:00:00,-0.4268835
2025-05-02 22:00:00,-0.18569323
2025-05-02 23:00:00,0.12798186
2025-05-03 00:00:00,0.43767723
2025-05-03 01:00:00,0.60521775
2025-05-03 02:00:00,0.6305812
2025-05-03 03:00:00,0.49476376
2025-05-03 04:00:00,0.27340817
2025-05-03 05:00:00,0.06952075
2025-05-03 06:00:00,-0.11362072
2025-05-03 07:00:00,-0.27902403
2025-05-03 08:00:00,-0.40908617
2025-05-03 09:00:00,-0.39285746
2025-05-03 10:00:00,-0.046927694
2025-05-03 11:00:00,0.2753724
2025-05-03 12:00:00,0.64227754
2025-05-03 13:00:00,0.89153194
2025-05-03 14:00:00,1.0300112
2025-05-03 15:00:00,0.9267667
2025-05-03 16:00:00,0.663678
2025-05-03 17:00:00,0.41688204
2025-05-03 18:00:00,0.20774326
2025-05-03 19:00:00,0.00034199044
2025-05-03 20:00:00,-0.18574882
2025-05-03 21:00:00,-0.33161694
2025-05-03 22:00:00,-0.42487043
2025-05-03 23:00:00,-0.32551992
2025-05-04 00:00:00,-0.046900347
2025-05-04 01:00:00,0.2507966
2025-05-04 02:00:00,0.46652678
2025-05-04 03:00:00,0.5318919
2025-05-04 04:00:00,0.47951412
2025-05-04 05:00:00,0.29914823
2025-05-04 06:00:00,0.10239261
2025-05-04 07:00:00,-0.07428203
2025-05-04 08:00:00,-0.22596367
2025-05-04 09:00:00,-0.3325021
2025-05-04 10:00:00,-0.29610434
2025-05-04 11:00:00,-0.04973203
2025-05-04 12:00:00,0.20029566
2025-05-04 13:00:00,0.49210104
2025-05-04 14:00:00,0.732882
2025-05-04 15:00:00,0.8829536
2025-05-04 16:00:00,0.85016006
2025-05-04 17:00:00,0.6552598
2025-05-04 18:00:00,0.41979203
2025-05-04 19:00:00,0.21017346
2025-05-04 20:00:00,0.016947452
2025-05-04 21:00:00,-0.16186975
2025-05-04 22:00:00,-0.30478585
2025-05-04 23:00:00,-0.40196025
2025-05-05 00:00:00,-0.34590003
2025-05-05 01:00:00,-0.11272884
2025-05-05 02:00:00,0.15067457
2025-05-05 03:00:00,0.38726982
2025-05-05 04:00:00,0.5036883
2025-05-05 05:00:00,0.5265949
2025-05-05 06:00:00,0.4127039
2025-05-05 07:00:00,0.22676802
2025-05-05 08:00:00,0.047366615
2025-05-05 09:00:00,-0.104734145
2025-05-05 10:00:00,-0.2299988
2025-05-05 11:00:00,-0.28970557
2025-05-05 12:00:00,-0.15213647
2025-05-05 13:00:00,0.06894717
2025-05-05 14:00:00,0.33463776
2025-05-05 15:00:00,0.5933723
2025-05-05 16:00:00,0.77781737
2025-05-05 17:00:00,0.8238885
2025-05-05 18:00:00,0.6987243
2025-05-05 19:00:00,0.47403166
2025-05-05 20:00:00,0.25843957
2025-05-05 21:00:00,0.07124901
2025-05-05 22:00:00,-0.10938732
2025-05-05 23:00:00,-0.26383835
2025-05-06 00:00:00,-0.377383
2025-05-06 01:00:00,-0.39175138
2025-05-06 02:00:00,-0.18129668
2025-05-06 03:00:00,0.08360869
2025-05-06 04:00:00,0.35978472
2025-05-06 05:00:00,0.5245367
2025-05-06 06:00:00,0.6032098
2025-05-06 07:00:00,0.53227836
2025-05-06 08:00:00,0.33921775
2025-05-06 09:00:00,0.1440078
2025-05-06 10:00:00,-0.018377218
2025-05-06 11:00:00,-0.15748079
2025-05-06 12:00:00,-0.25495282
2025-05-06 13:00:00,-0.20938343
2025-05-06 14:00:00,-0.007924931
2025-05-06 15:00:00,0.2283898
2025-05-06 16:00:00,0.507145
2025-05-06 17:00:00,0.71822804
2025-05-06 18:00:00,0.82256454
2025-05-06 19:00:00,0.7555849
2025-05-06 20:00:00,0.53267556
2025-05-06 21:00:00,0.30067906
2025-05-06 22:00:00,0.10414918
2025-05-06 23:00:00,-0.08417204
2025-05-07 00:00:00,-0.25255632
2025-05-07 01:00:00,-0.3736647
2025-05-07 02:00:00,-0.38017946
2025-05-07 03:00:00,-0.12954219
2025-05-07 04:00:00,0.16073486
2025-05-07 05:00:00,0.4748514
2025-05-07 06:00:00,0.6708883
